{
  "suburban": {
    "bottomLeft": {
      "x": -6.90186,
      "y": -5.01953,
      "z": -2.83496
    },
    "topRight": {
      "x": 7.04688,
      "y": 4.81348,
      "z": 2.83496
    },
    "offset": 0.1,
    "worldPosition": "X:303.1858 Y:-220.4221 Z:75.0118"
  },
  "flying_bravo": {
    "bottomLeft": {
      "x": 2.40039,
      "y": -16.8838,
      "z": 15.02
    },
    "topRight": {
      "x": 6.81738,
      "y": -0.399414,
      "z": 20.6894
    },
    "offset": 0.1,
    "worldPosition": "X:199.6067 Y:-178.4445 Z:57.42818"
  },
  "crevis": {
    "bottomLeft": {
      "x": 3.93457,
      "y": 0.649902,
      "z": 15.02
    },
    "topRight": {
      "x": -3.26221,
      "y": -14.7847,
      "z": 20.6894
    },
    "offset": 0.1,
    "worldPosition": "X:199.6067 Y:-178.4445 Z:57.42818"
  },
  "weazel_space": {
    "bottomLeft": {
      "x": -27.9048,
      "y": 3.35645,
      "z": 8.29297
    },
    "topRight": {
      "x": -16.2661,
      "y": 10.9145,
      "z": 13.9624
    },
    "offset": 0.1,
    "worldPosition": "X:199.6067 Y:-178.4445 Z:57.42818"
  },
  "behind_weazel_space": {
    "bottomLeft": {
      "x": -19.1743,
      "y": 14.5513,
      "z": 8.29297
    },
    "topRight": {
      "x": -29.3501,
      "y": 5.06201,
      "z": 13.9624
    },
    "offset": 0.1,
    "worldPosition": "X:199.6067 Y:-178.4445 Z:57.42818"
  },
  "vinewood_sports1": {
    "bottomLeft": {
      "x": 4.31543,
      "y": -3.1582,
      "z": 9.10156
    },
    "topRight": {
      "x": 13.6587,
      "y": 7.21826,
      "z": 14.7715
    },
    "offset": 0.1,
    "worldPosition": "X:60.91931 Y:-124.7391 Z:58.55759"
  },
  "vinewood_sports2": {
    "bottomLeft": {
      "x": 10.1665,
      "y": 9.84961,
      "z": 9.10156
    },
    "topRight": {
      "x": 2.76709,
      "y": -1.9917,
      "z": 14.7715
    },
    "offset": 0.1,
    "worldPosition": "X:60.91931 Y:-124.7391 Z:58.55759"
  },
  "implant_outsource": {
    "bottomLeft": {
      "x": 15.3481,
      "y": -21.0308,
      "z": 13.458
    },
    "topRight": {
      "x": 24.6914,
      "y": -10.6543,
      "z": 19.1274
    },
    "offset": 0.1,
    "worldPosition": "X:-30.36933 Y:-90.87322 Z:60.2778"
  },
  "implant_outsource2": {
    "bottomLeft": {
      "x": 21.1602,
      "y": -7.99268,
      "z": 13.458
    },
    "topRight": {
      "x": 13.7607,
      "y": -19.834,
      "z": 19.1274
    },
    "offset": 0.1,
    "worldPosition": "X:-30.36933 Y:-90.87322 Z:60.2778"
  },
  "dragon6": {
    "bottomLeft": {
      "x": -27.8706,
      "y": -9.31836,
      "z": 3.6543
    },
    "topRight": {
      "x": -23.8335,
      "y": 4.04785,
      "z": 9.32373
    },
    "offset": 0.1,
    "worldPosition": "X:-199.2529 Y:-28.69608 Z:54.44987"
  },
  "dragon62": {
    "bottomLeft": {
      "x": -28.1333,
      "y": 4.94678,
      "z": 3.6543
    },
    "topRight": {
      "x": -29.7876,
      "y": -8.91797,
      "z": 9.32373
    },
    "offset": 0.1,
    "worldPosition": "X:-199.2529 Y:-28.69608 Z:54.44987"
  }
}