{
  "suburban": {
    "bottomLeft": {
      "x": -6.90186,
      "y": -5.01953,
      "z": -2.83496
    },
    "topRight": {
      "x": 7.04688,
      "y": 4.81348,
      "z": 2.83496
    },
    "offset": 0.1,
    "worldPosition": "X:303.1858 Y:-220.4221 Z:75.0118"
  },
  "flying_bravo": {
    "bottomLeft": {
      "x": 2.40039,
      "y": -16.8838,
      "z": 15.02
    },
    "topRight": {
      "x": 6.81738,
      "y": -0.399414,
      "z": 20.6894
    },
    "offset": 0.1,
    "worldPosition": "X:199.6067 Y:-178.4445 Z:57.42818"
  },
  "crevis": {
    "bottomLeft": {
      "x": 3.93457,
      "y": 0.649902,
      "z": 15.02
    },
    "topRight": {
      "x": -3.26221,
      "y": -14.7847,
      "z": 20.6894
    },
    "offset": 0.1,
    "worldPosition": "X:199.6067 Y:-178.4445 Z:57.42818"
  },
  "weazel_space": {
    "bottomLeft": {
      "x": -27.9048,
      "y": 3.35645,
      "z": 8.29297
    },
    "topRight": {
      "x": -16.2661,
      "y": 10.9145,
      "z": 13.9624
    },
    "offset": 0.1,
    "worldPosition": "X:199.6067 Y:-178.4445 Z:57.42818"
  },
  "behind_weazel_space": {
    "bottomLeft": {
      "x": -19.1743,
      "y": 14.5513,
      "z": 8.29297
    },
    "topRight": {
      "x": -29.3501,
      "y": 5.06201,
      "z": 13.9624
    },
    "offset": 0.1,
    "worldPosition": "X:199.6067 Y:-178.4445 Z:57.42818"
  }
}