{
  "suburban": {
    "bottomLeft": {
      "x": -6.90186,
      "y": -5.01953,
      "z": -2.83496
    },
    "topRight": {
      "x": 7.04688,
      "y": 4.81348,
      "z": 2.83496
    },
    "offset": 0.07,
    "worldPosition": "X:303.1858 Y:-220.4221 Z:75.0118"
  }
}