{
  "suburban": {
    "bottomLeft": {
      "x": -6.90186,
      "y": -5.01953,
      "z": -2.83496
    },
    "topRight": {
      "x": 7.04688,
      "y": 4.81348,
      "z": 2.83496
    },
    "offset": 0.1,
    "worldPosition": "X:303.1858 Y:-220.4221 Z:75.0118"
  },
  "flying_bravo": {
    "bottomLeft": {
      "x": 2.40039,
      "y": -16.8838,
      "z": 15.02
    },
    "topRight": {
      "x": 6.81738,
      "y": -0.399414,
      "z": 20.6894
    },
    "offset": 0.1,
    "worldPosition": "X:199.6067 Y:-178.4445 Z:57.42818"
  },
  "crevis": {
    "bottomLeft": {
      "x": 3.93457,
      "y": 0.649902,
      "z": 15.02
    },
    "topRight": {
      "x": -3.26221,
      "y": -14.7847,
      "z": 20.6894
    },
    "offset": 0.1,
    "worldPosition": "X:199.6067 Y:-178.4445 Z:57.42818"
  },
  "weazel_space": {
    "bottomLeft": {
      "x": -27.9048,
      "y": 3.35645,
      "z": 8.29297
    },
    "topRight": {
      "x": -16.2661,
      "y": 10.9145,
      "z": 13.9624
    },
    "offset": 0.1,
    "worldPosition": "X:199.6067 Y:-178.4445 Z:57.42818"
  },
  "behind_weazel_space": {
    "bottomLeft": {
      "x": -19.1743,
      "y": 14.5513,
      "z": 8.29297
    },
    "topRight": {
      "x": -29.3501,
      "y": 5.06201,
      "z": 13.9624
    },
    "offset": 0.1,
    "worldPosition": "X:199.6067 Y:-178.4445 Z:57.42818"
  },
  "vinewood_sports1": {
    "bottomLeft": {
      "x": 4.31543,
      "y": -3.1582,
      "z": 9.10156
    },
    "topRight": {
      "x": 13.6587,
      "y": 7.21826,
      "z": 14.7715
    },
    "offset": 0.1,
    "worldPosition": "X:60.91931 Y:-124.7391 Z:58.55759"
  },
  "vinewood_sports2": {
    "bottomLeft": {
      "x": 10.1665,
      "y": 9.84961,
      "z": 9.10156
    },
    "topRight": {
      "x": 2.76709,
      "y": -1.9917,
      "z": 14.7715
    },
    "offset": 0.1,
    "worldPosition": "X:60.91931 Y:-124.7391 Z:58.55759"
  },
  "implant_outsource": {
    "bottomLeft": {
      "x": 15.3481,
      "y": -21.0308,
      "z": 13.458
    },
    "topRight": {
      "x": 24.6914,
      "y": -10.6543,
      "z": 19.1274
    },
    "offset": 0.1,
    "worldPosition": "X:-30.36933 Y:-90.87322 Z:60.2778"
  },
  "implant_outsource2": {
    "bottomLeft": {
      "x": 21.1602,
      "y": -7.99268,
      "z": 13.458
    },
    "topRight": {
      "x": 13.7607,
      "y": -19.834,
      "z": 19.1274
    },
    "offset": 0.1,
    "worldPosition": "X:-30.36933 Y:-90.87322 Z:60.2778"
  },
  "dragon6": {
    "bottomLeft": {
      "x": -27.8706,
      "y": -9.31836,
      "z": 3.6543
    },
    "topRight": {
      "x": -23.8335,
      "y": 4.04785,
      "z": 9.32373
    },
    "offset": 0.1,
    "worldPosition": "X:-199.4267 Y:-28.46311 Z:57.18683"
  },
  "dragon62": {
    "bottomLeft": {
      "x": -28.1333,
      "y": 4.94678,
      "z": 3.6543
    },
    "topRight": {
      "x": -29.7876,
      "y": -8.91797,
      "z": 9.32373
    },
    "offset": 0.1,
    "worldPosition": "X:-199.4267 Y:-28.46311 Z:57.18683"
  },
  "smell_like_a_bitch": {
    "bottomLeft": {
      "x": -6.4458,
      "y": -19.0698,
      "z": 2.54053
    },
    "topRight": {
      "x": -0.80957,
      "y": -5.79102,
      "z": 9.23975
    },
    "offset": 0.1,
    "worldPosition": "X:-522.1184 Y:-44.6339 Z:47.81497"
  },
  "vangelico": {
    "bottomLeft": {
      "x": -10.8076,
      "y": -0.373535,
      "z": 2.60107
    },
    "topRight": {
      "x": -1.72949,
      "y": -11.5845,
      "z": 9.30078
    },
    "offset": 0.1,
    "worldPosition": "X:-457.3068 Y:-71.92345 Z:46.7806"
  },
  "loneliest_robot": {
    "bottomLeft": {
      "x": -18.7705,
      "y": 8.12891,
      "z": -6.17139
    },
    "topRight": {
      "x": -5.28369,
      "y": 11.7432,
      "z": -0.501953
    },
    "offset": 0.1,
    "worldPosition": "X:-52.08499 Y:-213.2863 Z:58.85003"
  },
  "loneliest_robot2": {
    "bottomLeft": {
      "x": -6.82275,
      "y": 15.9731,
      "z": -6.17139
    },
    "topRight": {
      "x": -19.4775,
      "y": 10.0718,
      "z": -0.501953
    },
    "offset": 0.2,
    "worldPosition": "X:-52.08499 Y:-213.2863 Z:58.85003"
  },
  "channel991": {
    "bottomLeft": {
      "x": 11.0801,
      "y": -1.20264,
      "z": 0.501953
    },
    "topRight": {
      "x": 15.856,
      "y": -14.3232,
      "z": 6.17139
    },
    "offset": 0.1,
    "worldPosition": "X:-52.08499 Y:-213.2863 Z:58.85003"
  },
  "channel9912": {
    "bottomLeft": {
      "x": 19.9175,
      "y": -12.4297,
      "z": 0.501953
    },
    "topRight": {
      "x": 12.936,
      "y": -0.337402,
      "z": 6.17139
    },
    "offset": 0.1,
    "worldPosition": "X:-52.08499 Y:-213.2863 Z:58.85003"
  },
  "princess_robot_bubblegum": {
    "bottomLeft": {
      "x": 15.6772,
      "y": 6.26269,
      "z": 3.55322
    },
    "topRight": {
      "x": 18.1875,
      "y": 13.1294,
      "z": 6.896
    },
    "offset": 0.01,
    "worldPosition": "X:-19.21107 Y:-172.0229 Z:60.87833"
  },
  "brown_streak": {
    "bottomLeft": {
      "x": 3.28418,
      "y": 18.8359,
      "z": 4.51367
    },
    "topRight": {
      "x": 0.910156,
      "y": 12.3926,
      "z": 7.4419
    },
    "offset": 0.01,
    "worldPosition": "X:-19.21107 Y:-172.0229 Z:60.87833"
  },
  "cherry_popper": {
    "bottomLeft": {
      "x": -43.8774,
      "y": -3.13477,
      "z": 7.44238
    },
    "topRight": {
      "x": -34.6201,
      "y": 5.75781,
      "z": 13.1118
    },
    "offset": 0.01,
    "worldPosition": "X:234.6586 Y:-32.78199 Z:79.91495"
  },
  "dusche_gold1": {
    "bottomLeft": {
      "x": -27.1265,
      "y": 0.583984,
      "z": 6.95508
    },
    "topRight": {
      "x": -15.0957,
      "y": -11.46,
      "z": 12.6338
    },
    "offset": 0.3,
    "worldPosition": "X:168.1061 Y:-8.961159 Z:75.65614"
  },
  "dusche_gold2": {
    "bottomLeft": {
      "x": -11.2476,
      "y": -6.89014,
      "z": 6.96387
    },
    "topRight": {
      "x": -25.2075,
      "y": 2.88184,
      "z": 12.6206
    },
    "offset": 0.3,
    "worldPosition": "X:168.1061 Y:-8.961159 Z:75.65614"
  },
  "swallow": {
    "bottomLeft": {
      "x": -23.0186,
      "y": -8.06055,
      "z": 2.50732
    },
    "topRight": {
      "x": -13.8711,
      "y": 0.991699,
      "z": 8.19434
    },
    "offset": 0.05,
    "worldPosition": "X:99.76563 Y:10.22845 Z:74.68536"
  }
}